filename,component
1055_web.jpg,1055
1065_web.jpg,1065
1101_web.jpg,1101
1110_web.jpg,1110
1122_web.jpg,1122
118_web.jpg,118
125_web.jpg,125
128_web.jpg,128
138_web.jpg,138
140_web.jpg,140
151_web.jpg,151
154_web.jpg,154
1615_web.jpg,1615
1625_web.jpg,1625
164_web.jpg,164
1654W_web.jpg,1654W
1654_web.jpg,1654
1655_web.jpg,1655
1656_web.jpg,1656
165_web.jpg,165
1665_web.jpg,1665
1666_web.jpg,1666
182_web.jpg,182
1862_web.jpg,1862
1872_web.jpg,1872
1875W_web.jpg,1875W
192_web.jpg,192
193_web.jpg,193
197_web.jpg,197
2016_web.jpg,2016
2018_web.jpg,2018
2020a_web.jpg,2020a
2020W_web.jpg,2020W
2020_web.jpg,2020
2023_web.jpg,2023
2024_web.jpg,2024
2025_web.jpg,2025
2026_web_early.jpg,2026
2026_web_late.jpg,2026
2028_web.jpg,2028
2029_web.jpg,2029
202_web.jpg,202
2031_web.jpg,2031
2032_web.jpg,2032
2033_web.jpg,2033
2034_web.jpg,2034
2035_web.jpg,2035
2036_web.jpg,2036
2037_web.jpg,2037
2046W_web.jpg,2046W
2046_web.jpg,2046
2055_web.jpg,2055
2056_web.jpg,2056
2065_web.jpg,2065
208_web.jpg,208
210_web.jpg,210
212_web.jpg,212
221W_web.jpg,221W
221_NYC_web.jpg,221
222_web.jpg,222
2240_web.jpg,2240
2242_web.jpg,2242
2243_web.jpg,2243
2245_web.jpg,2245
224_web.jpg,224
229_web.jpg,229
2321_web.jpg,2321
2322_web.jpg,2322
2328_web.jpg,2328
2329_web.jpg,2329
2330_web.jpg,2330
2331_web.jpg,2331
2332_web.jpg,2332
2333_nyc_web.jpg,2333
2333_web.jpg,2333
2337_web.jpg,2337
2338_web.jpg,2338
2339_web.jpg,2339
233W_web.jpg,233W
2340_web.jpg,2340
2341_web.jpg,2341
2343_web.jpg,2343
2344_web.jpg,2344
2345_web.jpg,2345
2346_web.jpg,2346
2347_web.jpg,2347
2348_web.jpg,2348
2349_web.jpg,2349
234W_web.jpg,234W
2350_web.jpg,2350
2351_web.jpg,2351
2352_web.jpg,2352
2353_web.jpg,2353
2354_web.jpg,2354
2355_web.jpg,2355
2356_web.jpg,2356
2358_web.jpg,2358
2359_web.jpg,2359
2360_web.jpg,2360
2363_web.jpg,2363
2365_web.jpg,2365
2367_web.jpg,2367
2368_web.jpg,2368
2373_web.jpg,2373
2378_web.jpg,2378
2379_web.jpg,2379
2383_web.jpg,2383
2403B.jpg,2403B
240_web.jpg,240
2420_web.jpg,2420
2426W_web.jpg,2426W
242_web.jpg,242
243W_web.jpg,243W
243_web.jpg,243
2460_web.jpg,2460
2466W_web.jpg,2466W
264_web.jpg,264
2671W_web.jpg,2671W
282_web.jpg,282
30_web.jpg,30
334_web.jpg,334
3356_web.jpg,3356
3360_web.jpg,3360
3424_web.jpg,3424
342_web.jpg,342
3435_web.jpg,3435
3444_web.jpg,3444
3451_web.jpg,3451
3454_web.jpg,3454
3459b_web.jpg,3459b
3459g_web.jpg,3459g
3459s_web.jpg,3459s
345_web.jpg,345
3461G_web.jpg,3461G
3461_web.jpg,3461
3462_web.jpg,3462
3464_web.jpg,3464
3469_web.jpg,3469
3472_web.jpg,3472
3482_web.jpg,3482
3484_web.jpg,3484
3520_web.jpg,3520
352_web.jpg,352
3559_web.jpg,3559
356_web.jpg,356
3620_web.jpg,3620
362_web.jpg,362
364_web.jpg,364
3650_web.jpg,3650
3656_web.jpg,3656
3662_web.jpg,3662
3927_web.jpg,3927
397_web.jpg,397
400_web.jpg,400
404_web.jpg,404
415_web.jpg,415
42_web.jpg,42
445_web.jpg,445
44_web.jpg,44
455_web.jpg,455
456_web.jpg,456
45_web.jpg,45
464_web.jpg,464
497_web.jpg,497
50_web.jpg,50
51_web.jpg,51
520_web.jpg,520
52_web.jpg,52
53_web.jpg,53
54_web.jpg,54
55_web.jpg,55
56_web.jpg,56
57_web.jpg,57
58_web.jpg,58
59_web.jpg,59
600_web.jpg,600
6019_web.jpg,6019
601_web.jpg,601
6020W_web.jpg,6020W
6026W_web.jpg,6026W
60_web.jpg,60
610_web.jpg,610
614_web.jpg,614
616_web.jpg,616
617_web.jpg,617
621_web.jpg,621
6220_web.jpg,6220
622_web.jpg,622
623_web.jpg,623
624_web.jpg,624
6250_web.jpg,6250
625_web.jpg,625
626_web.jpg,626
627_web.jpg,627
628_web.jpg,628
629_web.jpg,629
634_web.jpg,634
637_web.jpg,637
6403B_web.jpg,6403B
6420_web.jpg,6420
6460_web.jpg,6460
6466w_web.jpg,6466w
646_web.jpg,646
6520g_web.jpg,6520g
6520m_web.jpg,6520m
6520o_web.jpg,6520o
65_web.jpg,65
6654W_web.jpg,6654W
665_web.jpg,665
671dual_web.jpg,671dual
671RR_web.jpg,671RR
671single_web.jpg,671single
671W_web.jpg,671W
675_web.jpg,675
681_web.jpg,681
682_web.jpg,682
685_web.jpg,685
68_web.jpg,68
69_web.jpg,69
70_web.jpg,70
726RR_web.jpg,726RR
726_dual_web.jpg,726
726_late_web.jpg,726
736W_web.jpg,736W
736_web.jpg,736
746W_web.jpg,746W
746_web.jpg,746
773W_web.jpg,773W
773_50_web.jpg,773
773_64_web.jpg,773
88_web.jpg,88
97_web.jpg,97
noImage.jpg,
ucs_web.jpg,
usmailcar.jpg,
